{"cameraMode":{"drawMode":0,"name":"Shaded","section":"Shading Mode"},"sceneLighting":false,"audioPlay":false,"sceneViewState":{"showFog":true,"showMaterialUpdate":false,"showSkybox":true,"showFlares":true,"showImageEffects":true,"showParticleSystems":true},"in2DMode":false,"pivot":{"x":-3.2580301761627199,"y":9.472709655761719,"z":-1.3069719076156617},"rotation":{"x":-0.0018297370988875628,"y":0.9921146035194397,"z":-0.12447236478328705,"w":-0.014584310352802277},"size":35.540775299072269,"orthographic":false}